id_film,name,kind,date
1,film0,Fantasy,2016-05-02
2,film1,Fantasy,2007-12-28
3,film2,Horror,1997-02-18
4,film3,Adventure,2016-08-04
5,film4,Action,2009-06-18
6,film5,Drama,1999-06-25
7,film6,Historical,2014-12-23
8,film7,Horror,1996-02-10
9,film8,Horror,2010-12-24
10,film9,Fantasy,2003-02-05
11,film10,Drama,2014-06-13
12,film11,Action,1995-05-24
13,film12,Drama,2011-01-20
14,film13,Action,2012-07-11
15,film14,Comedy,2016-06-13
16,film15,Historical,2009-03-06
17,film16,Historical,2016-09-22
18,film17,Historical,2010-10-16
19,film18,Drama,1995-01-10
20,film19,Comedy,1999-03-27
21,film20,Comedy,2011-10-30
22,film21,Horror,2002-08-09
23,film22,Adventure,1995-04-12
24,film23,Adventure,2011-04-09
25,film24,Historical,1996-07-27
26,film25,Crime,1995-04-21
27,film26,Drama,2014-06-13
28,film27,Crime,2007-08-18
29,film28,Crime,2008-06-25
30,film29,Drama,2008-11-09
31,film30,Adventure,2016-07-23
32,film31,Fantasy,1991-04-12
33,film32,Action,1994-10-27
34,film33,Historical,2000-02-18
35,film34,Adventure,2005-11-30
36,film35,Adventure,1998-05-26
37,film36,Horror,2004-06-15
38,film37,Action,1993-07-31
39,film38,Comedy,2012-06-11
40,film39,Drama,2009-07-08
41,film40,Drama,2008-09-01
42,film41,Comedy,2006-11-19
43,film42,Historical,2007-01-23
44,film43,Comedy,2011-07-23
45,film44,Action,1999-02-26
46,film45,Fantasy,2016-03-25
47,film46,Horror,2008-10-03
48,film47,Adventure,2004-11-22
49,film48,Crime,1997-12-09
50,film49,Horror,1995-12-21
51,film50,Horror,1999-11-24
52,film51,Action,2015-06-14
53,film52,Comedy,2001-06-28
54,film53,Comedy,1996-03-10
55,film54,Action,2011-10-27
56,film55,Fantasy,1990-03-19
57,film56,Adventure,1991-09-12
58,film57,Horror,1992-10-14
59,film58,Historical,1992-06-26
60,film59,Horror,1994-03-16
61,film60,Crime,2012-10-18
62,film61,Historical,1999-09-30
63,film62,Crime,2016-07-07
64,film63,Horror,1995-03-11
65,film64,Crime,1992-05-20
66,film65,Historical,1997-05-18
67,film66,Horror,1999-07-18
68,film67,Historical,1992-10-24
69,film68,Horror,1994-10-21
70,film69,Historical,1998-01-13
71,film70,Historical,1993-03-14
72,film71,Drama,2009-11-22
73,film72,Action,1991-01-25
74,film73,Crime,1995-03-26
75,film74,Historical,1995-11-02
76,film75,Adventure,2012-10-04
77,film76,Adventure,1994-08-17
78,film77,Comedy,2010-07-29
79,film78,Action,1990-12-16
80,film79,Drama,1994-06-02
81,film80,Drama,1998-04-22
82,film81,Action,1997-02-15
83,film82,Horror,1996-09-11
84,film83,Crime,2000-08-08
85,film84,Fantasy,2013-05-13
86,film85,Action,2013-11-18
87,film86,Horror,2010-08-07
88,film87,Crime,2000-12-30
89,film88,Action,1997-10-12
90,film89,Drama,2016-09-25
91,film90,Drama,2016-10-10
92,film91,Action,2010-11-25
93,film92,Fantasy,2004-12-19
94,film93,Drama,2015-03-30
95,film94,Crime,1994-12-13
96,film95,Adventure,1993-12-09
97,film96,Fantasy,1992-05-30
98,film97,Comedy,2013-04-12
99,film98,Adventure,2001-02-16
100,film99,Drama,2007-03-27
101,film100,Adventure,2012-07-31
102,film101,Crime,2002-04-09
103,film102,Comedy,2007-11-28
104,film103,Horror,1994-08-28
105,film104,Drama,2013-10-06
106,film105,Fantasy,1993-11-14
107,film106,Historical,2007-07-04
108,film107,Comedy,1993-04-26
109,film108,Drama,2014-08-17
110,film109,Drama,1992-12-26
111,film110,Fantasy,2015-09-20
112,film111,Adventure,1994-01-29
113,film112,Comedy,1996-04-29
114,film113,Comedy,1996-06-19
115,film114,Action,1997-09-23
116,film115,Historical,1990-11-19
117,film116,Comedy,2015-03-16
118,film117,Drama,2002-07-31
119,film118,Fantasy,2006-11-22
120,film119,Action,2015-11-30
121,film120,Horror,2013-04-15
122,film121,Action,1998-01-23
123,film122,Adventure,1993-03-02
124,film123,Horror,2000-10-08
125,film124,Historical,2007-03-23
126,film125,Adventure,2011-09-29
127,film126,Horror,2009-09-07
128,film127,Drama,1999-05-31
129,film128,Adventure,2014-12-18
130,film129,Adventure,2014-01-03
131,film130,Adventure,1998-04-06
132,film131,Comedy,2004-05-25
133,film132,Action,2012-03-04
134,film133,Horror,1992-02-17
135,film134,Comedy,1996-07-25
136,film135,Adventure,2013-06-14
137,film136,Fantasy,1997-09-14
138,film137,Action,2015-12-29
139,film138,Crime,2011-07-10
140,film139,Drama,1994-08-27
141,film140,Adventure,2008-05-03
142,film141,Adventure,1999-06-03
143,film142,Historical,2007-06-26
144,film143,Action,2014-10-06
145,film144,Fantasy,1999-09-15
146,film145,Action,2007-12-26
147,film146,Drama,1995-05-19
148,film147,Horror,2011-09-23
149,film148,Horror,2002-08-15
150,film149,Drama,2008-08-07
151,film150,Adventure,1991-07-24
152,film151,Action,1991-11-22
153,film152,Historical,2003-07-31
154,film153,Adventure,2002-06-20
155,film154,Horror,2013-10-24
156,film155,Crime,2015-09-02
157,film156,Horror,2006-12-22
158,film157,Drama,1993-08-22
159,film158,Fantasy,1991-05-18
160,film159,Comedy,2009-03-08
161,film160,Comedy,2005-03-12
162,film161,Drama,2007-09-05
163,film162,Comedy,2009-10-08
164,film163,Fantasy,1996-01-04
165,film164,Action,1999-11-22
166,film165,Comedy,2008-12-31
167,film166,Horror,1991-12-24
168,film167,Adventure,2003-12-02
169,film168,Horror,2011-01-20
170,film169,Fantasy,1999-09-19
171,film170,Action,2014-10-27
172,film171,Historical,2010-12-18
173,film172,Adventure,2011-09-17
174,film173,Historical,2016-01-10
175,film174,Drama,2015-07-14
176,film175,Comedy,2016-09-21
177,film176,Historical,2014-09-02
178,film177,Fantasy,1991-05-15
179,film178,Fantasy,2009-12-02
180,film179,Fantasy,2009-05-14
181,film180,Comedy,2012-10-29
182,film181,Drama,2006-07-28
183,film182,Comedy,1996-04-14
184,film183,Comedy,2007-12-04
185,film184,Fantasy,2008-04-06
186,film185,Drama,1995-12-02
187,film186,Drama,2000-11-07
188,film187,Comedy,2009-07-08
189,film188,Adventure,2006-03-24
190,film189,Adventure,2004-10-05
191,film190,Comedy,2005-02-17
192,film191,Comedy,1990-08-27
193,film192,Fantasy,1990-04-14
194,film193,Comedy,1991-01-06
195,film194,Drama,1997-12-10
196,film195,Horror,1992-03-16
197,film196,Adventure,1994-03-10
198,film197,Historical,2003-01-07
199,film198,Fantasy,2009-03-20
200,film199,Comedy,1995-05-23
201,film200,Historical,2014-10-23
202,film201,Crime,2015-07-20
203,film202,Comedy,1997-10-02
204,film203,Fantasy,2001-01-18
205,film204,Comedy,2001-05-24
206,film205,Historical,1991-11-30
207,film206,Historical,2007-07-05
208,film207,Crime,2012-06-09
209,film208,Comedy,2004-02-13
210,film209,Comedy,2000-08-20
211,film210,Crime,2011-03-19
212,film211,Adventure,1991-01-10
213,film212,Historical,1994-07-10
214,film213,Action,2006-04-07
215,film214,Drama,2000-05-14
216,film215,Horror,2000-04-24
217,film216,Drama,2001-04-29
218,film217,Action,2014-04-30
219,film218,Drama,2007-02-14
220,film219,Crime,2015-06-20
221,film220,Drama,2002-12-20
222,film221,Fantasy,2005-08-05
223,film222,Historical,2014-04-18
224,film223,Action,1990-03-28
225,film224,Crime,2007-05-30
226,film225,Crime,1996-01-17
227,film226,Horror,2000-08-23
228,film227,Historical,1991-03-23
229,film228,Comedy,2013-10-10
230,film229,Crime,2016-12-09
231,film230,Comedy,1996-12-25
232,film231,Comedy,2002-04-17
233,film232,Fantasy,2009-09-12
234,film233,Comedy,1997-03-17
235,film234,Drama,1998-01-24
236,film235,Action,2016-10-21
237,film236,Adventure,2010-01-06
238,film237,Fantasy,2011-01-11
239,film238,Drama,2016-09-03
240,film239,Comedy,2006-09-11
241,film240,Drama,2010-06-22
242,film241,Historical,2016-09-11
243,film242,Comedy,2003-05-17
244,film243,Drama,1997-08-15
245,film244,Horror,2017-01-13
246,film245,Drama,2012-09-25
247,film246,Crime,1993-08-23
248,film247,Fantasy,1993-01-11
249,film248,Crime,2005-10-13
250,film249,Adventure,1999-05-13
251,film250,Action,2005-09-09
252,film251,Drama,1997-06-22
253,film252,Fantasy,2003-05-17
254,film253,Horror,2002-07-19
255,film254,Fantasy,2002-12-22
256,film255,Drama,2000-11-17
257,film256,Horror,2009-07-14
258,film257,Historical,2008-04-03
259,film258,Comedy,2009-07-01
260,film259,Drama,2015-10-18
261,film260,Fantasy,1998-11-15
262,film261,Action,2011-01-11
263,film262,Action,1994-12-26
264,film263,Historical,2012-12-04
265,film264,Adventure,2010-02-20
266,film265,Action,2014-02-24
267,film266,Adventure,2015-12-16
268,film267,Comedy,2003-02-11
269,film268,Crime,2013-06-03
270,film269,Drama,2015-05-25
271,film270,Adventure,1994-12-21
272,film271,Action,1995-01-18
273,film272,Drama,2014-03-20
274,film273,Fantasy,2005-10-24
275,film274,Fantasy,1996-01-11
276,film275,Comedy,2015-09-13
277,film276,Drama,2008-03-14
278,film277,Drama,1999-03-03
279,film278,Horror,2006-09-23
280,film279,Comedy,1990-04-02
281,film280,Historical,2005-09-24
282,film281,Crime,2002-08-18
283,film282,Action,1998-08-12
284,film283,Comedy,1991-09-04
285,film284,Fantasy,1997-05-01
286,film285,Historical,2001-04-23
287,film286,Adventure,2010-07-11
288,film287,Fantasy,2004-09-07
289,film288,Comedy,2001-08-18
290,film289,Comedy,2014-07-18
291,film290,Drama,1992-02-22
292,film291,Fantasy,1992-07-27
293,film292,Fantasy,2002-09-17
294,film293,Adventure,2002-01-15
295,film294,Drama,1993-11-20
296,film295,Horror,2002-05-23
297,film296,Adventure,1997-12-22
298,film297,Horror,2005-08-22
299,film298,Comedy,1999-11-27
300,film299,Adventure,1998-11-12
301,film300,Comedy,2009-07-29
302,film301,Fantasy,2010-12-05
303,film302,Action,2011-02-05
304,film303,Horror,1996-01-17
305,film304,Comedy,1994-03-27
306,film305,Horror,2015-08-14
307,film306,Drama,2000-01-15
308,film307,Comedy,1990-09-03
309,film308,Comedy,1994-09-02
310,film309,Comedy,1992-08-02
311,film310,Fantasy,1997-07-15
312,film311,Action,2015-03-11
313,film312,Crime,1994-10-31
314,film313,Adventure,2010-04-16
315,film314,Action,1999-01-21
316,film315,Historical,2001-10-05
317,film316,Action,1997-09-03
318,film317,Comedy,2004-06-10
319,film318,Horror,2013-07-10
320,film319,Action,2009-09-29
321,film320,Horror,1999-08-01
322,film321,Adventure,2003-11-03
323,film322,Action,2011-08-23
324,film323,Action,1998-07-17
325,film324,Action,1998-09-11
326,film325,Crime,1994-07-19
327,film326,Fantasy,1992-09-11
328,film327,Horror,2010-08-12
329,film328,Crime,2002-02-14
330,film329,Crime,1994-01-03
331,film330,Historical,1995-12-13
332,film331,Fantasy,2011-01-02
333,film332,Fantasy,2010-04-09
334,film333,Horror,1997-11-11
335,film334,Historical,1993-11-19
336,film335,Horror,2005-12-12
337,film336,Action,1990-09-23
338,film337,Drama,2013-10-27
339,film338,Comedy,2014-09-07
340,film339,Adventure,2014-09-29
341,film340,Action,1999-02-18
342,film341,Adventure,1997-08-20
343,film342,Historical,2009-02-11
344,film343,Crime,2014-05-01
345,film344,Fantasy,1998-02-28
346,film345,Historical,2014-03-27
347,film346,Adventure,1992-11-09
348,film347,Adventure,2005-07-09
349,film348,Fantasy,2009-05-15
350,film349,Crime,2012-10-14
351,film350,Fantasy,2008-02-28
352,film351,Comedy,1990-06-22
353,film352,Crime,2001-09-29
354,film353,Historical,2002-11-11
355,film354,Adventure,2011-04-24
356,film355,Crime,1990-08-04
357,film356,Drama,1993-03-11
358,film357,Action,2014-10-14
359,film358,Historical,1999-11-26
360,film359,Crime,2009-02-22
361,film360,Crime,1998-09-17
362,film361,Action,2006-08-08
363,film362,Drama,1992-11-28
364,film363,Historical,2004-06-23
365,film364,Action,2005-05-07
366,film365,Horror,1992-03-06
367,film366,Historical,2006-09-20
368,film367,Adventure,1999-02-15
369,film368,Comedy,2011-06-03
370,film369,Comedy,2005-12-07
371,film370,Comedy,2000-02-28
372,film371,Crime,2006-07-17
373,film372,Comedy,2016-08-27
374,film373,Crime,2013-09-10
375,film374,Fantasy,2005-12-07
376,film375,Historical,2008-03-22
377,film376,Fantasy,2014-03-26
378,film377,Crime,2004-06-07
379,film378,Crime,1993-08-02
380,film379,Historical,2002-12-29
381,film380,Adventure,2015-02-15
382,film381,Crime,1995-05-03
383,film382,Action,1991-03-03
384,film383,Action,2007-10-22
385,film384,Drama,2007-07-14
386,film385,Adventure,2005-02-03
387,film386,Crime,2014-02-05
388,film387,Comedy,2002-06-22
389,film388,Fantasy,2008-11-03
390,film389,Drama,1990-02-17
391,film390,Action,2012-05-01
392,film391,Crime,2007-08-25
393,film392,Comedy,2003-07-20
394,film393,Historical,1990-03-12
395,film394,Action,2010-05-18
396,film395,Adventure,2010-12-30
397,film396,Adventure,1995-02-06
398,film397,Historical,2012-07-12
399,film398,Historical,2016-01-23
400,film399,Adventure,1991-06-21
401,film400,Crime,2003-09-04
402,film401,Historical,1998-09-17
403,film402,Action,2008-11-06
404,film403,Drama,2008-10-04
405,film404,Crime,1994-04-13
406,film405,Action,1998-04-24
407,film406,Comedy,2009-07-24
408,film407,Action,1991-12-03
409,film408,Comedy,1996-10-16
410,film409,Crime,1993-08-24
411,film410,Historical,2015-03-21
412,film411,Drama,2014-01-14
413,film412,Fantasy,2008-07-27
414,film413,Action,2016-12-27
415,film414,Action,1993-06-11
416,film415,Comedy,2009-02-02
417,film416,Action,2006-08-23
418,film417,Horror,2008-12-31
419,film418,Comedy,2002-11-14
420,film419,Horror,2005-06-26
421,film420,Horror,2012-12-21
422,film421,Action,2008-09-30
423,film422,Adventure,1996-08-29
424,film423,Horror,2008-10-29
425,film424,Action,2013-10-05
426,film425,Horror,2000-11-26
427,film426,Drama,2012-12-24
428,film427,Fantasy,2014-12-26
429,film428,Action,2000-09-08
430,film429,Action,1996-12-17
431,film430,Adventure,2008-06-09
432,film431,Comedy,2015-11-04
433,film432,Action,1991-10-13
434,film433,Adventure,1991-05-17
435,film434,Drama,2006-01-17
436,film435,Action,2009-08-25
437,film436,Crime,1999-11-07
438,film437,Action,2000-11-16
439,film438,Comedy,1990-08-10
440,film439,Drama,1994-05-03
441,film440,Action,1998-03-09
442,film441,Action,1999-12-22
443,film442,Crime,2002-11-30
444,film443,Action,2014-07-19
445,film444,Drama,1994-12-18
446,film445,Comedy,2009-08-12
447,film446,Action,2010-06-30
448,film447,Action,2014-12-02
449,film448,Horror,2011-01-16
450,film449,Adventure,2007-12-11
451,film450,Drama,2017-01-22
452,film451,Fantasy,2002-09-25
453,film452,Crime,2005-09-26
454,film453,Crime,2006-02-03
455,film454,Adventure,2009-02-22
456,film455,Historical,1994-03-27
457,film456,Comedy,2009-03-26
458,film457,Fantasy,2008-06-07
459,film458,Historical,2013-08-30
460,film459,Comedy,2011-10-27
461,film460,Historical,1990-02-14
462,film461,Historical,2010-06-19
463,film462,Historical,2003-01-06
464,film463,Crime,1997-06-03
465,film464,Horror,1992-09-24
466,film465,Horror,1991-07-09
467,film466,Adventure,2012-05-29
468,film467,Adventure,2000-02-18
469,film468,Horror,1991-11-17
470,film469,Adventure,2004-08-10
471,film470,Action,2017-01-17
472,film471,Comedy,1992-11-09
473,film472,Adventure,2016-11-10
474,film473,Adventure,2000-06-02
475,film474,Fantasy,2013-06-01
476,film475,Horror,2004-06-11
477,film476,Drama,1993-10-31
478,film477,Action,2012-11-28
479,film478,Horror,2013-03-29
480,film479,Drama,1992-07-21
481,film480,Action,2014-11-17
482,film481,Adventure,2015-05-09
483,film482,Fantasy,1997-07-18
484,film483,Crime,2014-03-13
485,film484,Horror,2001-03-20
486,film485,Fantasy,2001-08-13
487,film486,Fantasy,1990-06-30
488,film487,Drama,1997-04-24
489,film488,Horror,1999-06-17
490,film489,Historical,1996-01-07
491,film490,Adventure,2010-07-15
492,film491,Adventure,1996-07-01
493,film492,Fantasy,1990-10-17
494,film493,Crime,2015-01-05
495,film494,Horror,1993-05-08
496,film495,Fantasy,2007-08-24
497,film496,Action,2006-01-19
498,film497,Historical,2006-12-08
499,film498,Crime,1994-10-17
500,film499,Horror,2005-01-21
501,film500,Drama,2010-10-29
502,film501,Adventure,2002-09-27
503,film502,Horror,2012-10-08
504,film503,Horror,2003-07-25
505,film504,Adventure,2005-07-01
506,film505,Drama,2000-06-23
507,film506,Horror,2000-06-29
508,film507,Fantasy,1990-02-22
509,film508,Comedy,1996-05-02
510,film509,Comedy,1993-12-16
511,film510,Action,2002-08-15
512,film511,Action,2012-01-12
513,film512,Horror,1998-10-26
514,film513,Fantasy,2011-04-04
515,film514,Action,1997-11-11
516,film515,Adventure,1998-11-26
517,film516,Adventure,2009-12-01
518,film517,Crime,1993-12-22
519,film518,Crime,2003-03-07
520,film519,Action,2010-10-23
521,film520,Drama,2015-06-29
522,film521,Fantasy,2006-10-17
523,film522,Fantasy,1999-09-26
524,film523,Historical,2016-02-26
525,film524,Comedy,2000-04-01
526,film525,Comedy,2012-04-23
527,film526,Crime,2010-01-05
528,film527,Adventure,2006-10-10
529,film528,Fantasy,2013-05-04
530,film529,Crime,1996-01-09
531,film530,Horror,2010-04-02
532,film531,Historical,2005-08-15
533,film532,Comedy,1994-09-08
534,film533,Crime,2006-05-17
535,film534,Adventure,2012-02-07
536,film535,Adventure,2015-05-04
537,film536,Crime,2015-11-02
538,film537,Horror,1995-10-14
539,film538,Historical,2004-03-04
540,film539,Fantasy,2010-06-30
541,film540,Fantasy,2012-10-05
542,film541,Horror,2015-05-07
543,film542,Horror,2005-11-05
544,film543,Action,2006-09-23
545,film544,Adventure,2008-08-10
546,film545,Historical,1999-11-19
547,film546,Comedy,1997-11-23
548,film547,Drama,2010-06-11
549,film548,Action,2013-04-26
550,film549,Crime,1991-05-18
551,film550,Adventure,2009-12-31
552,film551,Crime,1999-12-03
553,film552,Fantasy,2012-06-16
554,film553,Comedy,1998-01-16
555,film554,Horror,2014-03-10
556,film555,Comedy,1997-12-03
557,film556,Action,2009-09-27
558,film557,Horror,2002-06-21
559,film558,Crime,1992-04-19
560,film559,Historical,2011-08-23
561,film560,Action,2012-03-25
562,film561,Fantasy,1999-07-30
563,film562,Crime,1995-05-08
564,film563,Fantasy,2000-10-02
565,film564,Adventure,1996-12-16
566,film565,Crime,2000-02-19
567,film566,Crime,2011-10-14
568,film567,Comedy,2004-01-26
569,film568,Fantasy,2003-09-15
570,film569,Horror,1997-02-11
571,film570,Comedy,2012-03-18
572,film571,Historical,2009-05-24
573,film572,Drama,1998-04-18
574,film573,Horror,1997-12-06
575,film574,Drama,2009-09-15
576,film575,Crime,2013-05-22
577,film576,Crime,2007-12-14
578,film577,Adventure,1996-10-05
579,film578,Fantasy,2000-04-11
580,film579,Horror,2011-10-11
581,film580,Adventure,2002-04-15
582,film581,Fantasy,2010-02-04
583,film582,Drama,2004-01-22
584,film583,Crime,2004-07-24
585,film584,Comedy,1990-02-09
586,film585,Crime,2013-04-02
587,film586,Action,2009-05-03
588,film587,Adventure,2011-02-02
589,film588,Historical,1991-07-17
590,film589,Drama,2014-09-19
591,film590,Action,1996-09-10
592,film591,Adventure,2002-05-10
593,film592,Action,2013-07-19
594,film593,Crime,1991-02-22
595,film594,Action,1992-03-31
596,film595,Action,2008-08-10
597,film596,Action,2016-03-17
598,film597,Fantasy,1990-09-07
599,film598,Fantasy,1999-08-24
600,film599,Adventure,1991-08-12
601,film600,Crime,2008-02-27
602,film601,Horror,1992-03-15
603,film602,Action,2008-07-15
604,film603,Horror,1998-09-29
605,film604,Historical,1994-04-24
606,film605,Action,1999-02-18
607,film606,Crime,2001-09-15
608,film607,Comedy,2010-12-21
609,film608,Crime,1994-12-15
610,film609,Historical,2015-01-14
611,film610,Fantasy,1991-11-09
612,film611,Adventure,2011-05-15
613,film612,Action,1996-04-16
614,film613,Crime,2011-10-28
615,film614,Horror,1992-10-05
616,film615,Horror,2016-10-13
617,film616,Crime,2015-04-19
618,film617,Fantasy,1996-08-05
619,film618,Fantasy,2002-04-28
620,film619,Comedy,1999-02-13
621,film620,Drama,2009-06-29
622,film621,Comedy,1992-10-23
623,film622,Drama,1990-02-04
624,film623,Comedy,2000-11-17
625,film624,Historical,1994-06-22
626,film625,Adventure,2005-02-18
627,film626,Drama,1995-09-05
628,film627,Crime,2015-03-03
629,film628,Fantasy,2007-06-26
630,film629,Crime,2015-02-26
631,film630,Historical,1996-03-31
632,film631,Comedy,2016-08-01
633,film632,Drama,1997-03-07
634,film633,Crime,1997-09-20
635,film634,Horror,2014-05-18
636,film635,Drama,2001-11-05
637,film636,Comedy,1990-11-09
638,film637,Horror,2015-06-11
639,film638,Drama,2013-09-11
640,film639,Comedy,2010-04-04
641,film640,Crime,1990-06-03
642,film641,Action,2015-05-09
643,film642,Adventure,2011-11-29
644,film643,Adventure,2013-12-02
645,film644,Fantasy,2011-10-08
646,film645,Horror,2005-10-03
647,film646,Fantasy,2009-12-26
648,film647,Adventure,2015-06-04
649,film648,Horror,1991-06-15
650,film649,Historical,2014-02-07
651,film650,Fantasy,2005-02-20
652,film651,Horror,2000-09-01
653,film652,Comedy,1999-10-05
654,film653,Adventure,2016-08-24
655,film654,Drama,2013-03-13
656,film655,Crime,2014-09-28
657,film656,Drama,2003-07-23
658,film657,Horror,1990-10-14
659,film658,Comedy,1993-06-20
660,film659,Drama,1992-09-20
661,film660,Adventure,1994-09-05
662,film661,Comedy,2003-10-14
663,film662,Action,1999-12-16
664,film663,Horror,1993-07-31
665,film664,Horror,2009-10-03
666,film665,Comedy,1997-11-25
667,film666,Comedy,1993-12-21
668,film667,Adventure,2003-02-23
669,film668,Horror,2005-07-30
670,film669,Adventure,1997-12-31
671,film670,Historical,2016-01-12
672,film671,Comedy,2005-04-26
673,film672,Action,1996-01-17
674,film673,Comedy,2016-06-26
675,film674,Horror,2015-02-01
676,film675,Historical,1999-10-26
677,film676,Comedy,2002-04-17
678,film677,Fantasy,2005-10-29
679,film678,Crime,2013-09-08
680,film679,Fantasy,2015-11-13
681,film680,Horror,1991-07-16
682,film681,Adventure,2016-02-18
683,film682,Drama,2002-10-29
684,film683,Historical,1993-02-20
685,film684,Adventure,1990-05-30
686,film685,Drama,2005-12-20
687,film686,Horror,2011-03-04
688,film687,Comedy,2016-10-01
689,film688,Historical,1991-09-28
690,film689,Drama,2010-04-28
691,film690,Action,1999-06-24
692,film691,Drama,2006-04-03
693,film692,Adventure,2006-03-10
694,film693,Adventure,1992-10-30
695,film694,Crime,1998-01-25
696,film695,Adventure,1992-10-16
697,film696,Horror,1999-10-22
698,film697,Drama,2011-08-30
699,film698,Action,2007-11-09
700,film699,Crime,2017-01-20
701,film700,Historical,2005-04-14
702,film701,Adventure,2015-03-10
703,film702,Fantasy,2016-06-08
704,film703,Crime,1993-04-04
705,film704,Comedy,2004-10-20
706,film705,Crime,1993-09-24
707,film706,Adventure,2014-10-21
708,film707,Drama,1991-06-24
709,film708,Fantasy,2008-08-01
710,film709,Horror,2013-03-19
711,film710,Adventure,1992-03-11
712,film711,Historical,2016-03-01
713,film712,Historical,2011-11-02
714,film713,Fantasy,2008-09-20
715,film714,Comedy,1999-04-29
716,film715,Horror,2008-07-26
717,film716,Historical,2013-03-17
718,film717,Drama,2010-04-04
719,film718,Horror,2001-09-15
720,film719,Horror,1996-08-30
721,film720,Action,2015-11-13
722,film721,Horror,2007-10-02
723,film722,Horror,2016-09-11
724,film723,Adventure,1990-03-19
725,film724,Crime,1992-07-13
726,film725,Adventure,1990-12-26
727,film726,Comedy,1992-04-28
728,film727,Adventure,2016-05-05
729,film728,Historical,2006-08-19
730,film729,Crime,2006-04-20
731,film730,Historical,2014-02-19
732,film731,Historical,2016-05-05
733,film732,Adventure,2016-04-06
734,film733,Drama,2008-01-02
735,film734,Adventure,2008-06-16
736,film735,Action,2015-02-18
737,film736,Action,1990-02-20
738,film737,Action,1990-02-20
739,film738,Fantasy,2008-04-29
740,film739,Adventure,2006-05-17
741,film740,Drama,1999-08-27
742,film741,Horror,2014-06-02
743,film742,Adventure,1999-08-01
744,film743,Fantasy,2016-05-06
745,film744,Comedy,2008-12-08
746,film745,Historical,2001-10-30
747,film746,Action,1993-07-29
748,film747,Crime,1998-04-18
749,film748,Adventure,2007-01-09
750,film749,Comedy,1993-05-06
751,film750,Fantasy,1990-03-10
752,film751,Crime,2008-02-13
753,film752,Fantasy,1999-01-04
754,film753,Horror,2015-06-21
755,film754,Historical,1999-06-08
756,film755,Drama,1998-02-12
757,film756,Drama,1999-02-06
758,film757,Action,2003-03-15
759,film758,Horror,1998-12-15
760,film759,Historical,1994-12-04
761,film760,Horror,1990-03-13
762,film761,Adventure,2007-09-14
763,film762,Crime,2002-05-11
764,film763,Adventure,2002-10-21
765,film764,Historical,2007-09-12
766,film765,Crime,2002-11-07
767,film766,Drama,2001-06-23
768,film767,Historical,2015-08-30
769,film768,Action,2000-04-06
770,film769,Horror,1998-03-21
771,film770,Adventure,2004-10-10
772,film771,Drama,2005-01-09
773,film772,Comedy,2005-07-31
774,film773,Adventure,1998-05-07
775,film774,Fantasy,2013-02-15
776,film775,Fantasy,2005-10-07
777,film776,Historical,2001-12-23
778,film777,Drama,1993-07-21
779,film778,Historical,1995-10-31
780,film779,Comedy,2003-04-18
781,film780,Adventure,1994-08-17
782,film781,Drama,2016-01-08
783,film782,Drama,2013-08-21
784,film783,Action,2014-04-02
785,film784,Action,1994-12-27
786,film785,Drama,2014-02-01
787,film786,Comedy,2016-04-14
788,film787,Crime,2009-12-25
789,film788,Drama,2012-09-15
790,film789,Adventure,2000-07-09
791,film790,Drama,2014-05-26
792,film791,Crime,2001-03-06
793,film792,Comedy,2014-03-20
794,film793,Drama,2001-02-08
795,film794,Action,1993-04-07
796,film795,Historical,1997-12-19
797,film796,Historical,2004-12-08
798,film797,Comedy,2007-10-05
799,film798,Drama,2006-12-17
800,film799,Horror,2003-12-17
801,film800,Fantasy,1993-09-18
802,film801,Horror,1994-09-09
803,film802,Drama,1995-12-02
804,film803,Action,2013-04-15
805,film804,Crime,2000-06-09
806,film805,Comedy,2014-08-24
807,film806,Comedy,1999-01-04
808,film807,Action,2005-11-20
809,film808,Drama,2003-08-29
810,film809,Action,2015-02-16
811,film810,Action,2001-12-21
812,film811,Action,1992-05-14
813,film812,Historical,2002-11-05
814,film813,Adventure,1999-05-21
815,film814,Crime,1998-03-10
816,film815,Action,2002-09-30
817,film816,Historical,2012-08-30
818,film817,Horror,2001-05-20
819,film818,Adventure,1992-09-30
820,film819,Action,2014-09-21
821,film820,Action,1997-04-21
822,film821,Horror,1994-08-12
823,film822,Adventure,2007-08-17
824,film823,Comedy,1996-09-21
825,film824,Action,2013-08-20
826,film825,Action,2015-03-27
827,film826,Drama,1990-03-26
828,film827,Action,2006-01-15
829,film828,Comedy,1990-01-29
830,film829,Crime,2000-08-25
831,film830,Crime,1993-01-10
832,film831,Horror,1995-07-17
833,film832,Action,1991-09-06
834,film833,Drama,1996-09-01
835,film834,Fantasy,1995-09-24
836,film835,Drama,2004-10-27
837,film836,Historical,2013-02-01
838,film837,Comedy,2001-05-30
839,film838,Fantasy,2013-08-23
840,film839,Action,1996-10-22
841,film840,Adventure,2014-07-07
842,film841,Fantasy,1995-07-31
843,film842,Drama,2000-04-17
844,film843,Comedy,2014-07-19
845,film844,Fantasy,2015-09-09
846,film845,Action,2003-09-20
847,film846,Historical,2012-09-04
848,film847,Drama,2009-01-03
849,film848,Action,1999-03-15
850,film849,Fantasy,2005-04-16
851,film850,Comedy,2012-09-20
852,film851,Action,1990-03-28
853,film852,Crime,2003-04-24
854,film853,Crime,2002-10-05
855,film854,Horror,1997-01-16
856,film855,Adventure,2004-02-02
857,film856,Action,2003-12-06
858,film857,Adventure,2009-10-24
859,film858,Adventure,1991-12-11
860,film859,Horror,2013-10-28
861,film860,Action,2009-05-22
862,film861,Crime,2000-09-22
863,film862,Comedy,1998-04-20
864,film863,Crime,2003-12-27
865,film864,Horror,1996-12-14
866,film865,Crime,2016-03-02
867,film866,Fantasy,1996-07-13
868,film867,Comedy,1990-08-24
869,film868,Comedy,2014-04-20
870,film869,Adventure,1994-05-22
871,film870,Historical,2008-03-29
872,film871,Horror,1991-08-13
873,film872,Comedy,2013-03-16
874,film873,Crime,2009-10-02
875,film874,Action,2010-01-10
876,film875,Fantasy,2005-07-16
877,film876,Historical,1998-08-30
878,film877,Comedy,2000-09-16
879,film878,Crime,1994-05-17
880,film879,Crime,2006-12-21
881,film880,Action,1994-05-04
882,film881,Fantasy,2007-05-27
883,film882,Comedy,1999-08-23
884,film883,Horror,1995-02-24
885,film884,Historical,1996-01-03
886,film885,Historical,2010-10-18
887,film886,Comedy,2008-12-06
888,film887,Action,2008-03-27
889,film888,Historical,1994-09-21
890,film889,Crime,1994-01-09
891,film890,Adventure,2006-06-12
892,film891,Historical,2015-02-19
893,film892,Adventure,2004-11-15
894,film893,Adventure,1990-11-18
895,film894,Crime,2009-01-16
896,film895,Comedy,2015-10-22
897,film896,Crime,2002-10-17
898,film897,Historical,1992-05-28
899,film898,Historical,2015-09-19
900,film899,Fantasy,2016-12-17
901,film900,Adventure,1993-08-07
902,film901,Adventure,1996-12-09
903,film902,Crime,2006-02-07
904,film903,Drama,2015-04-02
905,film904,Comedy,1996-10-05
906,film905,Action,2006-11-02
907,film906,Comedy,2004-08-29
908,film907,Horror,1996-07-22
909,film908,Horror,2015-06-08
910,film909,Comedy,2007-09-24
911,film910,Historical,1995-09-25
912,film911,Adventure,2015-03-18
913,film912,Horror,2015-09-29
914,film913,Horror,2000-03-30
915,film914,Drama,2007-01-20
916,film915,Crime,2006-07-21
917,film916,Drama,2008-10-27
918,film917,Horror,2008-12-06
919,film918,Historical,2007-04-14
920,film919,Fantasy,1998-01-03
921,film920,Comedy,2003-08-10
922,film921,Adventure,1996-12-22
923,film922,Fantasy,2016-12-06
924,film923,Action,2002-04-30
925,film924,Drama,2004-11-07
926,film925,Historical,2009-04-05
927,film926,Historical,2010-09-11
928,film927,Action,1995-01-09
929,film928,Historical,1994-12-25
930,film929,Action,1997-12-14
931,film930,Crime,1999-03-12
932,film931,Action,1997-09-03
933,film932,Drama,2011-12-25
934,film933,Comedy,2004-03-02
935,film934,Horror,2006-12-04
936,film935,Action,1990-11-15
937,film936,Historical,2014-01-07
938,film937,Crime,2013-10-19
939,film938,Adventure,2009-03-08
940,film939,Horror,2007-06-21
941,film940,Crime,1990-03-20
942,film941,Fantasy,1991-11-21
943,film942,Comedy,1998-07-08
944,film943,Crime,2005-05-05
945,film944,Fantasy,1998-07-26
946,film945,Drama,1996-07-22
947,film946,Crime,1994-10-07
948,film947,Adventure,2008-08-12
949,film948,Historical,2003-09-12
950,film949,Crime,1993-03-23
951,film950,Fantasy,1995-02-27
952,film951,Comedy,1999-03-01
953,film952,Drama,2013-09-20
954,film953,Crime,2011-11-15
955,film954,Fantasy,2011-12-05
956,film955,Historical,1999-02-06
957,film956,Fantasy,2005-10-26
958,film957,Historical,2015-01-06
959,film958,Crime,1998-03-01
960,film959,Horror,1997-08-29
961,film960,Horror,1995-03-02
962,film961,Drama,2003-04-28
963,film962,Comedy,2006-02-03
964,film963,Crime,2011-02-24
965,film964,Historical,1992-10-12
966,film965,Drama,2000-03-19
967,film966,Fantasy,1992-05-31
968,film967,Fantasy,2011-08-21
969,film968,Comedy,1995-04-10
970,film969,Horror,1998-01-20
971,film970,Horror,2003-09-23
972,film971,Drama,1992-06-14
973,film972,Crime,2006-02-11
974,film973,Historical,2014-03-23
975,film974,Historical,1992-04-10
976,film975,Historical,2010-09-08
977,film976,Drama,2009-11-21
978,film977,Fantasy,2016-07-13
979,film978,Comedy,1997-02-12
980,film979,Comedy,2010-09-02
981,film980,Horror,1998-01-24
982,film981,Adventure,2006-09-08
983,film982,Fantasy,2004-05-02
984,film983,Crime,2002-05-17
985,film984,Historical,1994-07-17
986,film985,Comedy,1997-02-18
987,film986,Adventure,2000-07-24
988,film987,Drama,2014-08-07
989,film988,Fantasy,2000-01-07
990,film989,Action,1993-03-18
991,film990,Action,2001-05-30
992,film991,Historical,1991-08-29
993,film992,Action,2001-05-05
994,film993,Drama,1999-02-28
995,film994,Horror,1995-06-17
996,film995,Fantasy,1992-10-21
997,film996,Fantasy,1999-09-19
998,film997,Adventure,2015-09-27
999,film998,Adventure,1990-09-23
1000,film999,Drama,2016-09-17
